{"assets/fonts/InderRegular.ttf":["assets/fonts/InderRegular.ttf"],"assets/fonts/InknutAntiquaBold.ttf":["assets/fonts/InknutAntiquaBold.ttf"],"assets/fonts/InterBold.ttf":["assets/fonts/InterBold.ttf"],"assets/fonts/InterMedium.ttf":["assets/fonts/InterMedium.ttf"],"assets/fonts/InterRegular.ttf":["assets/fonts/InterRegular.ttf"],"assets/fonts/LaoSansPro.ttf":["assets/fonts/LaoSansPro.ttf"],"assets/fonts/LatoBold.ttf":["assets/fonts/LatoBold.ttf"],"assets/fonts/LatoRegular.ttf":["assets/fonts/LatoRegular.ttf"],"assets/fonts/LibreBarcode39ExtendedRegular.ttf":["assets/fonts/LibreBarcode39ExtendedRegular.ttf"],"assets/images/image_not_found.png":["assets/images/image_not_found.png"],"assets/images/img_2_layers.svg":["assets/images/img_2_layers.svg"],"assets/images/img_arrow_down.svg":["assets/images/img_arrow_down.svg"],"assets/images/img_arrow_down_black_900_01.svg":["assets/images/img_arrow_down_black_900_01.svg"],"assets/images/img_arrow_left.svg":["assets/images/img_arrow_left.svg"],"assets/images/img_arrow_right.svg":["assets/images/img_arrow_right.svg"],"assets/images/img_camera.svg":["assets/images/img_camera.svg"],"assets/images/img_camera_gray_900.svg":["assets/images/img_camera_gray_900.svg"],"assets/images/img_checkmark.svg":["assets/images/img_checkmark.svg"],"assets/images/img_clock.svg":["assets/images/img_clock.svg"],"assets/images/img_close.svg":["assets/images/img_close.svg"],"assets/images/img_computer.svg":["assets/images/img_computer.svg"],"assets/images/img_contrast.svg":["assets/images/img_contrast.svg"],"assets/images/img_contrast_black_900_01.svg":["assets/images/img_contrast_black_900_01.svg"],"assets/images/img_contrast_white_a700.svg":["assets/images/img_contrast_white_a700.svg"],"assets/images/img_cross.svg":["assets/images/img_cross.svg"],"assets/images/img_edit.svg":["assets/images/img_edit.svg"],"assets/images/img_ellipse_4.png":["assets/images/img_ellipse_4.png"],"assets/images/img_ellipse_4_37x37.png":["assets/images/img_ellipse_4_37x37.png"],"assets/images/img_ellipse_4_75x76.png":["assets/images/img_ellipse_4_75x76.png"],"assets/images/img_enlarge_screens.png":["assets/images/img_enlarge_screens.png"],"assets/images/img_eye.svg":["assets/images/img_eye.svg"],"assets/images/img_google.svg":["assets/images/img_google.svg"],"assets/images/img_group_4.svg":["assets/images/img_group_4.svg"],"assets/images/img_home.svg":["assets/images/img_home.svg"],"assets/images/img_home_teal_200_01.svg":["assets/images/img_home_teal_200_01.svg"],"assets/images/img_image.png":["assets/images/img_image.png"],"assets/images/img_image_155x335.png":["assets/images/img_image_155x335.png"],"assets/images/img_interface_user.svg":["assets/images/img_interface_user.svg"],"assets/images/img_linkedin.svg":["assets/images/img_linkedin.svg"],"assets/images/img_location.svg":["assets/images/img_location.svg"],"assets/images/img_lock.svg":["assets/images/img_lock.svg"],"assets/images/img_lock_black_900_01.svg":["assets/images/img_lock_black_900_01.svg"],"assets/images/img_log_out.svg":["assets/images/img_log_out.svg"],"assets/images/img_path_10.svg":["assets/images/img_path_10.svg"],"assets/images/img_play.png":["assets/images/img_play.png"],"assets/images/img_qrcode.svg":["assets/images/img_qrcode.svg"],"assets/images/img_rectangle_33.png":["assets/images/img_rectangle_33.png"],"assets/images/img_rectangle_33_1.png":["assets/images/img_rectangle_33_1.png"],"assets/images/img_rectangle_33_91x110.png":["assets/images/img_rectangle_33_91x110.png"],"assets/images/img_rectangle_34.png":["assets/images/img_rectangle_34.png"],"assets/images/img_rectangle_4.png":["assets/images/img_rectangle_4.png"],"assets/images/img_rectangle_4_155x335.png":["assets/images/img_rectangle_4_155x335.png"],"assets/images/img_rectangle_4_166x335.png":["assets/images/img_rectangle_4_166x335.png"],"assets/images/img_rectangle_6.png":["assets/images/img_rectangle_6.png"],"assets/images/img_rectangle_6_155x335.png":["assets/images/img_rectangle_6_155x335.png"],"assets/images/img_save.svg":["assets/images/img_save.svg"],"assets/images/img_search.svg":["assets/images/img_search.svg"],"assets/images/img_search_black_900_01.svg":["assets/images/img_search_black_900_01.svg"],"assets/images/img_search_black_900_01_16x16.svg":["assets/images/img_search_black_900_01_16x16.svg"],"assets/images/img_search_black_900_01_24x24.svg":["assets/images/img_search_black_900_01_24x24.svg"],"assets/images/img_settings.svg":["assets/images/img_settings.svg"],"assets/images/img_settings_black_900_01.svg":["assets/images/img_settings_black_900_01.svg"],"assets/images/img_settings_black_900_01_16x16.svg":["assets/images/img_settings_black_900_01_16x16.svg"],"assets/images/img_shield.svg":["assets/images/img_shield.svg"],"assets/images/img_star.svg":["assets/images/img_star.svg"],"assets/images/img_thumbs_up.svg":["assets/images/img_thumbs_up.svg"],"assets/images/img_upload.svg":["assets/images/img_upload.svg"],"assets/images/img_user.svg":["assets/images/img_user.svg"],"assets/images/img_user_image.png":["assets/images/img_user_image.png"],"assets/images/img_user_image_59x59.png":["assets/images/img_user_image_59x59.png"],"assets/images/img_users.svg":["assets/images/img_users.svg"],"assets/images/img_vector.svg":["assets/images/img_vector.svg"],"assets/images/img_vector_1.png":["assets/images/img_vector_1.png"],"assets/images/img_vector_2.png":["assets/images/img_vector_2.png"],"assets/images/img_vector_blue_gray_900.svg":["assets/images/img_vector_blue_gray_900.svg"],"assets/images/img_vector_gray_600.svg":["assets/images/img_vector_gray_600.svg"]}