[{"family":"MaterialIcons","fonts":[{"asset":"fonts/MaterialIcons-Regular.otf"}]},{"family":"Inknut Antiqua","fonts":[{"weight":700,"asset":"assets/fonts/InknutAntiquaBold.ttf"}]},{"family":"Lato","fonts":[{"weight":700,"asset":"assets/fonts/LatoBold.ttf"},{"weight":400,"asset":"assets/fonts/LatoRegular.ttf"}]},{"family":"Inter","fonts":[{"weight":400,"asset":"assets/fonts/InterRegular.ttf"},{"weight":700,"asset":"assets/fonts/InterBold.ttf"},{"weight":500,"asset":"assets/fonts/InterMedium.ttf"}]},{"family":"Libre Barcode 39 Extended","fonts":[{"weight":400,"asset":"assets/fonts/LibreBarcode39ExtendedRegular.ttf"}]},{"family":"Inder","fonts":[{"weight":400,"asset":"assets/fonts/InderRegular.ttf"}]},{"family":"Lao Sans Pro","fonts":[{"weight":400,"asset":"assets/fonts/LaoSansPro.ttf"}]}]